INSERT INTO Publisher(id, name, address)
VALUES
    (1, 'Penguin Random House', '1745 Broadway, New York, NY'),
    (2, 'HarperCollins', '195 Broadway, New York, NY'),
    (3, 'Simon & Schuster', '1230 Avenue of the Americas, New York, NY'),
    (4, 'Hachette Book Group', '1290 Avenue of the Americas, New York, NY'),
    (5, 'Macmillan Publishers', '120 Broadway, New York, NY'),
    (6, 'Scholastic', '557 Broadway, New York, NY'),
    (7, 'Oxford University Press', 'Great Clarendon Street, Oxford, UK'),
    (8, 'Cambridge University Press', 'University Printing House, Cambridge, UK'),
    (9, 'Wiley', '111 River Street, Hoboken, NJ'),
    (10, 'Pearson', '221 River Street, Hoboken, NJ'),
    (11, 'Springer', '233 Spring Street, New York, NY'),
    (12, 'Elsevier', 'Radarweg 29, 1043 NX Amsterdam, Netherlands'),
    (13, 'Taylor & Francis', '2 Park Square, Milton Park, Abingdon, UK'),
    (14, 'SAGE Publications', '2455 Teller Road, Thousand Oaks, CA'),
    (15, 'Cengage Learning', '2000 Sylvan Avenue, Boston, MA'),
    (16, 'McGraw Hill', '1221 Avenue of the Americas, New York, NY'),
    (17, 'Wolters Kluwer', '1250 South 900 West, Holland, MI'),
    (18, 'Routledge', '16 Red Lion Square, London, UK'),
    (19, 'Farrar, Straus and Giroux', '9 Columbus Circle, New York, NY'),
    (20, 'Grove Press', '455 West 20th Street, New York, NY');

INSERT INTO
    Book(id, title, price, publisher_id)
VALUES
    (1, 'Book 1', 100, 1),
    (2, 'Book 2', 200, 2),
    (3, 'Book 3', 300, 3),
    (4, 'Book 4', 400, 1),
    (5, 'Book 5', 500, 4),
    (6, 'Book 6', 600, 5),
    (7, 'Book 7', 700, 2),
    (8, 'Book 8', 800, 3),
    (9, 'Book 9', 900, 1),
    (10, 'Book 10', 1000, 4),
    (11, 'Book 11', 1100, 6),
    (12, 'Book 12', 1200, 7),
    (13, 'Book 13', 1300, 8),
    (14, 'Book 14', 1400, 9),
    (15, 'Book 15', 1500, 10),
    (16, 'Book 16', 1600, 1),
    (17, 'Book 17', 1700, 11),
    (18, 'Book 18', 1800, 12),
    (19, 'Book 19', 1900, 1),
    (20, 'Book 20', 2000, 13);

INSERT INTO
    Author(id, first_name, last_name)
VALUES
    (1, 'Stephen', 'King'),
    (2, 'Agatha', 'Kristie'),
    (3, 'William', 'Shakespeare'),
    (4, 'George', 'Orwell'),
    (5, 'Mark', 'Twain'),
    (6, 'Ernest', 'Hemingway'),
    (7, 'Charles', 'Dickens'),
    (8, 'Dante', 'Alighieri'),
    (9, 'J.K.', 'Rowling'),
    (10, 'Jane', 'Austen'),
    (11, 'F. Scott', 'Fitzgerald'),
    (12, 'Leo', 'Tolstoy'),
    (13, 'Virginia', 'Woolf'),
    (14, 'Franz', 'Kafka'),
    (15, 'Harper', 'Lee'),
    (16, 'James', 'Joyce'),
    (17, 'Oscar', 'Wilde'),
    (18, 'Arthur', 'Conan Doyle'),
    (19, 'Sylvia', 'Plath'),
    (20, 'Gabriel', 'Garcia Marquez');

INSERT INTO
    Author_Book(book_id, author_id)
VALUES
    (1, 1),
    (1, 2),
    (2, 3),
    (3, 4),
    (3, 5),
    (4, 1),
    (4, 6),
    (5, 7),
    (5, 8),
    (6, 2),
    (7, 9),
    (7, 10),
    (8, 11),
    (8, 12),
    (9, 13),
    (10, 14),
    (10, 15),
    (11, 16),
    (11, 17),
    (11, 18),
    (12, 19),
    (13, 20),
    (14, 3),
    (14, 4),
    (15, 5),
    (15, 6),
    (15, 7),
    (16, 1),
    (16, 8),
    (16, 9),
    (17, 2),
    (17, 10),
    (18, 11),
    (18, 12),
    (18, 13),
    (19, 14),
    (20, 15),
    (20, 16),
    (20, 17);